start_time,length,rename_to
5,165,video1
821,199,video2
1431,169,video3
1930,135,video4
2647,180,video5
3155,175,video6
3665,165,video7
4517,200,video8
5082,182,video9
5475,141,video10
6200,134,video11
6625,195,video12
7202,166,video13
8127,170,video14
8707,195,video15
9105,145,video16
9919,150,video17
10464,178,video18
10958,166,video19
11497,145,video20
12157,196,video21
12642,176,video22
13181,130,video23
13735,241,video24
14351,152,video25
15071,135,video26
15682,226,video27
16291,172,video28
16955,135,video29
17396,255,video30
18043,139,video31
18813,151,video32
19411,192,video33
19922,170,video34
20602,145,video35
21202,226,video36
21774,136,video37
22455,152,video38
23207,195,video39
23614,165,video40
24229,135,video41
24738,245,video42
25421,162,video43
25934,164,video44
26496,197,video45
27061,182,video46
40795,291,video47
41634,280,video48
42420,226,video49
43050,294,video50
44109,270,video51
45048,195,video52
45892,285,video53
46588,300,video54
47416,330,video55
48133,256,video56
48775,316,video57
50022,290,video58
51765,296,video59
52646,195,video60
53405,235,video61
54312,165,video62
55080,240,video63
56053,195,video64
56724,256,video65
57521,235,video66
58368,285,video67
59167,255,video68
60378,150,video69
61003,150,video70
61529,181,video71
62185,159,video72
62799,181,video73
63378,122,video74
64093,145,video75
64667,160,video76
65136,167,video77
65821,191,video78
66509,167,video79
66996,108,video80
67678,136,video81
68242,167,video82
68739,168,video83
69436,150,video84
70050,164,video85
70557,155,video86
71264,150,video87
71776,146,video88
72337,167,video89
73054,180,video90
73513,195,video91
74133,165,video92
74896,174,video93
75360,194,video94
75927,170,video95
76499,180,video96
77117,185,video97
77725,172,video98
78192,350,video99
78987,195,video100
79522,161,video101
80165,179,video102
80789,195,video103
81327,151,video104
81943,174,video105
82572,180,video106
83107,185,video107
83761,200,video108
84362,190,video109
84942,137,video110
85516,185,video111
86105,171,video112
86714,175,video113
87293,205,video114
88026,161,video115
88546,166,video116
89037,211,video117
170,651,video1_intermediate
1020,411,video2_intermediate
1600,330,video3_intermediate
2065,582,video4_intermediate
2827,328,video5_intermediate
3330,335,video6_intermediate
3830,687,video7_intermediate
4717,365,video8_intermediate
5264,211,video9_intermediate
5616,584,video10_intermediate
6334,291,video11_intermediate
6820,382,video12_intermediate
7368,759,video13_intermediate
8297,410,video14_intermediate
8902,203,video15_intermediate
9250,669,video16_intermediate
10069,395,video17_intermediate
10642,316,video18_intermediate
11124,373,video19_intermediate
11642,515,video20_intermediate
12353,289,video21_intermediate
12818,363,video22_intermediate
13311,424,video23_intermediate
13976,375,video24_intermediate
14503,568,video25_intermediate
15206,476,video26_intermediate
15908,383,video27_intermediate
16463,492,video28_intermediate
17090,306,video29_intermediate
17651,392,video30_intermediate
18182,631,video31_intermediate
18964,447,video32_intermediate
19603,319,video33_intermediate
20092,510,video34_intermediate
20747,455,video35_intermediate
21428,346,video36_intermediate
21910,545,video37_intermediate
22607,600,video38_intermediate
23402,212,video39_intermediate
23779,450,video40_intermediate
24364,374,video41_intermediate
24983,438,video42_intermediate
25583,351,video43_intermediate
26098,398,video44_intermediate
26693,368,video45_intermediate
27243,1200,video46_intermediate
41086,548,video47_intermediate
41914,506,video48_intermediate
42646,404,video49_intermediate
43344,765,video50_intermediate
44379,669,video51_intermediate
45243,649,video52_intermediate
46177,411,video53_intermediate
46888,528,video54_intermediate
47746,387,video55_intermediate
48389,386,video56_intermediate
49091,931,video57_intermediate
50312,1200,video58_intermediate
52061,585,video59_intermediate
52841,564,video60_intermediate
53640,672,video61_intermediate
54477,603,video62_intermediate
55320,733,video63_intermediate
56248,476,video64_intermediate
56980,541,video65_intermediate
57756,612,video66_intermediate
58653,514,video67_intermediate
59422,956,video68_intermediate
60528,475,video69_intermediate
61153,376,video70_intermediate
61710,475,video71_intermediate
62344,455,video72_intermediate
62980,398,video73_intermediate
63500,593,video74_intermediate
64238,429,video75_intermediate
64827,309,video76_intermediate
65303,518,video77_intermediate
66012,497,video78_intermediate
66676,320,video79_intermediate
67104,574,video80_intermediate
67814,428,video81_intermediate
68409,330,video82_intermediate
68907,529,video83_intermediate
69586,464,video84_intermediate
70214,343,video85_intermediate
70712,552,video86_intermediate
71414,362,video87_intermediate
71922,415,video88_intermediate
72504,550,video89_intermediate
73234,279,video90_intermediate
73708,425,video91_intermediate
74298,598,video92_intermediate
75070,290,video93_intermediate
75554,373,video94_intermediate
76097,402,video95_intermediate
76679,438,video96_intermediate
77302,423,video97_intermediate
77897,295,video98_intermediate
78542,445,video99_intermediate
79182,340,video100_intermediate
79683,482,video101_intermediate
80344,445,video102_intermediate
80984,343,video103_intermediate
81478,465,video104_intermediate
82117,455,video105_intermediate
82752,355,video106_intermediate
83292,469,video107_intermediate
83961,401,video108_intermediate
84552,390,video109_intermediate
85079,437,video110_intermediate
85701,404,video111_intermediate
86276,438,video112_intermediate
86889,404,video113_intermediate
87498,528,video114_intermediate
88187,359,video115_intermediate
88712,325,video116_intermediate
